region_name,region_code,reporting_year,poverty_line,headcount,poverty_gap,poverty_severity,watts,mean,spr,reporting_pop,pop_in_poverty
Eastern and Southern Africa,AFE,1993,1.9,0.5988694849552902,0.2827731224120864,0.16678997428140355,0.460270965342653,2.9858620731955705,0.6374779707709487,330606964,197990422
Eastern and Southern Africa,AFE,1994,1.9,0.6003598892880198,0.2881005431517411,0.1722949523021413,0.4740286281742977,2.927366136345097,0.6411167310599767,339275499,203687401
Eastern and Southern Africa,AFE,1995,1.9,0.5925856445990048,0.28186533733701064,0.16789845133328368,0.46275745689948716,2.9791013871190555,0.6348889096701741,348164559,206317320
Eastern and Southern Africa,AFE,1996,1.9,0.5840776274611141,0.27504256793533155,0.1632390389085633,0.4507166752269556,3.0189898463898626,0.628533686234632,357550908,208837486
Eastern and Southern Africa,AFE,1998,1.9,0.5853837799800771,0.2754214427522304,0.1640794550605066,0.45362251570806134,2.956604467600646,0.6291542025754037,376016164,220113763
Eastern and Southern Africa,AFE,1999,1.9,0.5858963634733216,0.2742373104766226,0.16362093898067093,0.4531942757629228,2.8924571329563245,0.6281955054736732,385636086,225942780
Eastern and Southern Africa,AFE,2000,1.9,0.5843250220838375,0.2753940456905944,0.16589770150410088,0.459449571326242,2.85121342439737,0.6251951121557372,395486148,231092452
Eastern and Southern Africa,AFE,2001,1.9,0.5803766050043305,0.27370905284575947,0.16499009268484632,0.457334911067626,2.8395500716135214,0.6201913161033542,405607454,235405077
Eastern and Southern Africa,AFE,2002,1.9,0.5877552992892535,0.27338443801232243,0.1629431709029665,0.45306880720256615,2.857340372451995,0.6272048982763855,416055018,244538542
Eastern and Southern Africa,AFE,2003,1.9,0.5790981229399377,0.2651947635097931,0.15661835975511304,0.4369103037915343,2.8881045860032217,0.6170593988892793,426815117,247167833
Eastern and Southern Africa,AFE,2004,1.9,0.5451176312009409,0.24667102160184318,0.14553080497608825,0.4066331131023096,3.0732976380636807,0.5937626237701272,437964437,238742136
Eastern and Southern Africa,AFE,2005,1.9,0.5254762416516395,0.23516649073798204,0.13834988689430594,0.3866582848205092,3.2364903000924667,0.5806317305567346,449491183,236196937
Eastern and Southern Africa,AFE,2006,1.9,0.5080141716835687,0.22395541251829654,0.13014754010924418,0.3640269005588821,3.452829284072244,0.5688964369824854,461478999,234437871
Eastern and Southern Africa,AFE,2007,1.9,0.496965774073722,0.21446888756621554,0.12241409723702104,0.34309812371727894,3.497507339342833,0.5601634276380781,473988603,235556113
Eastern and Southern Africa,AFE,2008,1.9,0.4873709740934616,0.20620256505544365,0.11570428840256454,0.32533327177465887,3.5503022807547957,0.5517178813793715,495748900,241613624
Eastern and Southern Africa,AFE,2009,1.9,0.4858663003592978,0.20616209213043507,0.11616194165760052,0.3262879941752366,3.5455069481087733,0.550689673190471,509410477,247505384
Eastern and Southern Africa,AFE,2010,1.9,0.4736437862986381,0.1974179059244245,0.10944305601547832,0.3082820945411909,3.649401972405467,0.5422192996910885,523459657,247933414
Eastern and Southern Africa,AFE,2011,1.9,0.4623419446158742,0.19039769035822685,0.10448879737273636,0.2951006082368217,3.694676692469212,0.5348503069234836,537792950,248644238
Eastern and Southern Africa,AFE,2012,1.9,0.45661139358968733,0.18538711202185876,0.10060740683455642,0.2851389901054002,3.7011513666706515,0.5308032387282284,552530654,252291792
Eastern and Southern Africa,AFE,2013,1.9,0.45164759245180525,0.1819279426819413,0.09809133470931539,0.2786298380697189,3.6981364910948944,0.5262064182664808,567892149,256487122
Eastern and Southern Africa,AFE,2014,1.9,0.45020656066474285,0.18141631378566725,0.09776985631022443,0.27775660666527724,3.681817705682974,0.524320759440957,583651101,262763555
Eastern and Southern Africa,AFE,2015,1.9,0.4503322605800939,0.18254283447783376,0.09862398309430064,0.27989706889105415,3.675076731828272,0.5248605708501629,600008424,270203150
Eastern and Southern Africa,AFE,2016,1.9,0.4553307874645164,0.18695787208748751,0.10193022357984,0.2883828878963691,3.6407085652777496,0.5289726868911674,616377605,280655700
Eastern and Southern Africa,AFE,2017,1.9,0.458735445468943,0.19048227477645305,0.10466387816988836,0.2953461522522712,3.6076141893773968,0.5327981783599485,632746570,290263280
Eastern and Southern Africa,AFE,2018,1.9,0.45942132832954385,0.1926898470388566,0.10651876837853208,0.2999698377455246,3.5987210600201816,0.5348931720491361,649757148,298512292
Western and Central Africa,AFW,1983,1.9,0.553801163090388,0.2562965351940113,0.15305585465272922,0.4173905048447585,2.606944740513241,0.5805589258962244,171566640,95013805
Western and Central Africa,AFW,1984,1.9,0.5598794987931524,0.26124545616714373,0.15670030910219535,0.4269436777065161,2.568010363242817,0.5877975116754173,176054495,98569302
Western and Central Africa,AFW,1985,1.9,0.5481790880353022,0.2526686309032835,0.15031706889336957,0.40919895108355075,2.6213047207810267,0.5772876191127106,180817312,99120269
Western and Central Africa,AFW,1986,1.9,0.5504176262587303,0.2575035690554861,0.154536715281137,0.4200787343094406,2.5773215696862373,0.5816809339315998,185720244,102223696
Western and Central Africa,AFW,1987,1.9,0.5587307928660917,0.26432600160618797,0.16030338375325484,0.43602335284058735,2.4737987441444913,0.5889906450234828,190759952,106583459
Western and Central Africa,AFW,1988,1.9,0.5577761993969333,0.264204056636991,0.16077960106342362,0.4367885123428521,2.417583842523444,0.5862745581942821,195969722,109307247
Western and Central Africa,AFW,1989,1.9,0.566004883958261,0.27106075149014897,0.16641841098631235,0.45168075625318876,2.39225671765641,0.5930898551967151,201392200,113988969
Western and Central Africa,AFW,1990,1.9,0.5684103712630826,0.2735848513288663,0.1688046323915728,0.4583599912669561,2.376847258077816,0.5914415440901274,206739024,117512605
Western and Central Africa,AFW,1991,1.9,0.5809582952182173,0.2818828458790603,0.1746942235481045,0.47604072726319396,2.325272519067514,0.6008731249734907,212172888,123263599
Western and Central Africa,AFW,1992,1.9,0.5868656235919889,0.2839304360283869,0.17562426039747517,0.47791471853087775,2.3070447869646804,0.604326412875166,217966101,127916812
Western and Central Africa,AFW,1993,1.9,0.5975106960644642,0.2869273658796108,0.17542491709483354,0.475521346527502,2.2904515618816554,0.6134745444632655,223788766,133716181
Western and Central Africa,AFW,1994,1.9,0.601777042190694,0.29003363802156085,0.17735531269733107,0.4801610628941285,2.301322001678025,0.6195683303807907,229675775,138213609
Western and Central Africa,AFW,1995,1.9,0.6029556461083408,0.2902798627440232,0.17715093712319654,0.47909916742777986,2.3350378054473975,0.6228715444830215,235861484,142214013
Western and Central Africa,AFW,1996,1.9,0.6018818395791837,0.2874279736547971,0.17387035030753897,0.47075102832867877,2.3788819706231927,0.6214046488308798,242200260,145775938
Western and Central Africa,AFW,1997,1.9,0.5951511506417964,0.27971911584097087,0.16720127959303177,0.4534737378954133,2.400228656830689,0.6167514062650464,248713095,148021885
Western and Central Africa,AFW,1998,1.9,0.5886418457788013,0.2715841856163295,0.15993642477591746,0.43570808138140216,2.4072966904762425,0.6107804378169861,255482918,150387936
Western and Central Africa,AFW,1999,1.9,0.5823385441485842,0.2642417619875761,0.15383090161529817,0.42042053061221646,2.4262724713653867,0.6065134085806524,262397030,152803904
Western and Central Africa,AFW,2001,1.9,0.5596906987395119,0.2446129044097921,0.13838716176925445,0.38012291862878544,2.484831886914403,0.5881299829023012,277160097.00000006,155123928
Western and Central Africa,AFW,2002,1.9,0.5343405240393074,0.2263167648130881,0.12461843588586961,0.3460885757157591,2.556705954127509,0.5648414172811834,284952322,152261573
Western and Central Africa,AFW,2003,1.9,0.5217555177275435,0.2151416105384509,0.11608739426934213,0.3252221803505074,2.5887327436656213,0.5516440503154216,292977949,152862861
Western and Central Africa,AFW,2004,1.9,0.5037228982898179,0.20211478850062023,0.10695055114881792,0.30471144064597916,2.6599217721795285,0.536238214124056,301265247,151754203
Western and Central Africa,AFW,2005,1.9,0.4921481352965142,0.19370839296630687,0.10086281374646329,0.2890660243363889,2.7140797832530486,0.5256154941673881,309824829,152479712
Western and Central Africa,AFW,2006,1.9,0.48216958683875993,0.18529769804379925,0.09447975351418733,0.272905617504519,2.7662049919646363,0.5187601780852757,318601484,153619946
Western and Central Africa,AFW,2008,1.9,0.4546280757147007,0.16439650933792474,0.07971374132856274,0.23531033701562948,2.8868348008753695,0.4994491143383225,336893835.00000006,153161396
Western and Central Africa,AFW,2009,1.9,0.44618443584903134,0.1582341105303619,0.07543940382060213,0.22436015915178434,2.9246639148622147,0.49650354417113346,346475221,154591851
Western and Central Africa,AFW,2010,1.9,0.42348183374668774,0.14427242153881778,0.06678845027606792,0.20171479342448909,3.0324237853951193,0.4818130434122812,356337762,150902569
Western and Central Africa,AFW,2011,1.9,0.4137478856872167,0.1383304185036325,0.06311117448523698,0.19208887853246362,3.071245012755576,0.47508093729040135,366489204,151634133
Western and Central Africa,AFW,2012,1.9,0.39549950103826137,0.13002362037953885,0.05886516362456788,0.18016495035550342,3.1800020153592454,0.46574675414641636,376797999,149023421
Western and Central Africa,AFW,2013,1.9,0.38167993290695107,0.12458118623727715,0.05646785647552915,0.17327960430630973,3.2686207448972633,0.4596772407550171,387204553,147788208
Western and Central Africa,AFW,2014,1.9,0.3642958818047986,0.1173092456122809,0.05291945901586938,0.1632044230344975,3.3727180478834797,0.45086750744497817,397855507,144937123
Western and Central Africa,AFW,2015,1.9,0.36413680672519916,0.11743450528098359,0.053103119098096375,0.1637787194140551,3.3791159697331485,0.4501805687628281,408690375,148819208
Western and Central Africa,AFW,2016,1.9,0.3507375208869217,0.11187279628779684,0.05005583734316098,0.1549123208212953,3.450283210703485,0.44405106537595807,419778384,147232030
Western and Central Africa,AFW,2017,1.9,0.3331415781515479,0.10496872486604818,0.04645684536215524,0.14433435637038788,3.5660115856492967,0.4358163690961357,431138704,143630228
Western and Central Africa,AFW,2018,1.9,0.3161020074899808,0.09796323160274041,0.042667034552405954,0.13348752594109958,3.6698650409527134,0.4279258591705751,442646825,139921550
Western and Central Africa,AFW,2019,1.9,0.30578964722564267,0.09390828236281833,0.04056698209826196,0.1274309780091946,3.7303057602532093,0.4230382759400468,454306063,138922091
East Asia & Pacific,EAP,1981,1.9,0.7929475005567199,0.36902974986192616,0.20558402799633868,0.568388318896638,1.6372873120828741,0.8081216317452825,1379003173,1093477119
East Asia & Pacific,EAP,1982,1.9,0.7713172648232889,0.34179197681623047,0.18408494744998605,0.5167930168195157,1.7153466794168857,0.7868610023910638,1402620426,1081865351
East Asia & Pacific,EAP,1983,1.9,0.7415126993633316,0.3088756111224274,0.15950320143226965,0.4571193143880022,1.8115266766737197,0.757280415290592,1426326165,1057638965
East Asia & Pacific,EAP,1984,1.9,0.6902455460811069,0.2616913477020907,0.1269253397723059,0.3762458355877791,1.952560563787399,0.7056676765496194,1448955289,1000134935
East Asia & Pacific,EAP,1985,1.9,0.6505920669613512,0.23840828228602096,0.11377975636408287,0.3411228972953214,2.0331355973272514,0.6655992160129097,1472229311,957820710
East Asia & Pacific,EAP,1986,1.9,0.6208427459636119,0.22407137978404562,0.1065363642358468,0.3206880038447861,2.1034010226284146,0.6362736898044102,1496975209,929386199
East Asia & Pacific,EAP,1987,1.9,0.5819101263910597,0.20604508185163894,0.09728163458710454,0.2933973481909161,2.204782029569103,0.5978352455409247,1523189747,886359538
East Asia & Pacific,EAP,1988,1.9,0.5262343044376275,0.1782278421007811,0.08184854879253137,0.2510954205598613,2.3569328813779418,0.545168124296169,1549748438,815530791
East Asia & Pacific,EAP,1989,1.9,0.6209627322114026,0.22450400676907395,0.10483327567466767,0.3169469840708776,2.2225944001294473,0.6385313025474884,1575751898,978483204
East Asia & Pacific,EAP,1990,1.9,0.603790557325941,0.21470089272007487,0.09920883346462792,0.30215754423286595,2.2930167683440197,0.6217357051078728,1601342750,966875631
East Asia & Pacific,EAP,1991,1.9,0.5847380558580486,0.20755944385835615,0.09596326992796438,0.29056613149423893,2.3781658793367777,0.6027357925550688,1626010964,950790490
East Asia & Pacific,EAP,1992,1.9,0.5561888203894659,0.19544312773539754,0.08983998241474023,0.27132494950718006,2.494453106775531,0.5743974423231175,1649361409,917356376
East Asia & Pacific,EAP,1993,1.9,0.5282155857463078,0.18395247675423865,0.08405857980152255,0.2531490946997652,2.6032772453899016,0.5472133308354625,1672056413,883206258
East Asia & Pacific,EAP,1994,1.9,0.4898419826017693,0.15767486335429023,0.06837483391206357,0.21650618115585563,2.7904051614491014,0.5161839585255303,1694530897,830052374
East Asia & Pacific,EAP,1995,1.9,0.43920366423768464,0.1366317616840084,0.057776405140167075,0.1856896089471327,2.9842707889229043,0.48964314656071256,1716439808,753866653
East Asia & Pacific,EAP,1996,1.9,0.39646521031929993,0.12003014675717359,0.04954338262791797,0.1615340512922494,3.20115430580711,0.46784816444335847,1737978733,689048104
East Asia & Pacific,EAP,1997,1.9,0.39444015667119553,0.12148053295077464,0.05086902032216848,0.16381152777296304,3.2797466520467573,0.46662513634007424,1759347988,693957496
East Asia & Pacific,EAP,1998,1.9,0.40702330136222237,0.1294656706054275,0.05536744122117516,0.1752475787045654,3.2531533978781857,0.47790924071515273,1779923043,724470153
East Asia & Pacific,EAP,1999,1.9,0.37246454752707614,0.11535508169833938,0.04881272998729972,0.15689030936128057,3.3927648486244353,0.4547870885622509,1799157886,670122528
East Asia & Pacific,EAP,2000,1.9,0.34649127277261854,0.10602757244697492,0.04453346506338148,0.14384177046126975,3.575089819649493,0.44180330271909796,1817155500,629628522
East Asia & Pacific,EAP,2001,1.9,0.3211531330040477,0.09720107199197174,0.040507354924018225,0.13133310521924102,3.793379644344588,0.42920630341041555,1834250043,589075148
East Asia & Pacific,EAP,2002,1.9,0.28454688846555193,0.08568213994397914,0.0355318183212191,0.11543659714750089,4.128364229686772,0.4114324549596287,1850618618,526587769
East Asia & Pacific,EAP,2003,1.9,0.24687393554694687,0.07010255371118085,0.027784478627327303,0.09308172906708,4.4263943562479575,0.3942997491710131,1866383766,460761506
East Asia & Pacific,EAP,2004,1.9,0.21379677274313572,0.05778010391961176,0.021871494040987028,0.07544176248884185,4.7355159800571585,0.3778856109616458,1881701418,402301690
East Asia & Pacific,EAP,2005,1.9,0.17877966685357802,0.045133640746423634,0.016577424592344566,0.057064231468258265,5.113665291957778,0.3593791058318874,1896924858,339131594
East Asia & Pacific,EAP,2006,1.9,0.17353148209703548,0.04425660344281913,0.01643920574382075,0.05608452184914871,5.390067453148687,0.3573423503141926,1911854867,331767009
East Asia & Pacific,EAP,2007,1.9,0.15384817233808773,0.038687986649177844,0.014193088812792805,0.04877719845923679,5.784083024507832,0.347953429826219,1926436167,296378683
East Asia & Pacific,EAP,2008,1.9,0.14534525154087957,0.03641238911745999,0.01337042070564872,0.045863082827573766,6.079820150931701,0.3441326574574964,1940894307,282099771
East Asia & Pacific,EAP,2009,1.9,0.12515597455688268,0.030157156171217937,0.010699580767715934,0.03753241390284977,6.5153510200660145,0.33362878459957307,1955164760,244700551
East Asia & Pacific,EAP,2010,1.9,0.106589782947802,0.024151751023696107,0.008181528623172106,0.029665344565144414,7.121748560847165,0.32478979711812384,1969306090,209907909
East Asia & Pacific,EAP,2011,1.9,0.08080214946425897,0.017353934809224505,0.005845281309206734,0.021388807656994364,7.598470489467315,0.3070041492704255,1984384894,160342565
East Asia & Pacific,EAP,2012,1.9,0.06842515630110442,0.014003128847016993,0.004567068575240625,0.017019300400673967,8.18151849022944,0.2997521081729199,2001380649,136944784
East Asia & Pacific,EAP,2013,1.9,0.03253588968225475,0.006182085157039221,0.0021142004534693325,0.007577645228831577,8.996731096240127,0.26941892181258004,2018184291,65663421
East Asia & Pacific,EAP,2014,1.9,0.02662726647266342,0.005273599884452602,0.0019120593070065662,0.006294814009329012,9.560255577733992,0.261016873462641,2034379893,54169976
East Asia & Pacific,EAP,2015,1.9,0.02080097067305334,0.004127521320075375,0.0014658873131674687,0.004966385615142019,10.170126489668,0.2492602001253648,2049871913,42639326
East Asia & Pacific,EAP,2016,1.9,0.017468453910218954,0.0033612493930758815,0.001160436283864998,0.0040524202714063585,10.74044723553475,0.24457549172733978,2065286020,36077354
East Asia & Pacific,EAP,2017,1.9,0.014847921684396014,0.0028558708039393525,9.983003826541084e-4,0.0034284867468196032,11.279633613201172,0.24222187638932696,2081031193,30898988
East Asia & Pacific,EAP,2018,1.9,0.01231848931443162,0.0023644073073200893,8.456812612247011e-4,0.002884390045833056,11.898230831193688,0.23359736431108982,2094635506,25802745
East Asia & Pacific,EAP,2019,1.9,0.009327406605740688,0.0017593469134779157,6.088052107335554e-4,0.002203021117697187,12.49847853880437,0.2235793588579202,2106501236,19648194
East Asia & Pacific,EAP,2020,1.9,0.010071228520646265,0.0020189167510789047,7.639513123510951e-4,0.002478243813735498,12.103031186457935,0.21327356750544665,2116486778,21315622
East Asia & Pacific,EAP,2021,1.9,0.010033102902996716,0.002108264078374453,8.141104089391196e-4,0.007776934092386302,12.906232388585282,0.2081269930292618,2123735448,21307656
East Asia & Pacific,EAP,2022,1.9,0.008778602725261743,0.0019108978729205886,7.614616015401318e-4,0.006995376785984066,13.069213080892247,0.20527243750737564,2129218618,18691564
Europe & Central Asia,ECA,1990,1.9,0.027982776902296367,0.009085497335665502,0.0051478627889604165,0.012684097048168787,12.711740013968228,0.22289561835463334,464024479,12984693
Europe & Central Asia,ECA,1991,1.9,0.03277156741494578,0.010174354320066073,0.0056197297520254015,0.014159346273785262,11.858941364452733,0.22807895568287825,466371005,15283709
Europe & Central Asia,ECA,1992,1.9,0.04445155514023652,0.0132265115550785,0.006837026000699273,0.018685644547709865,10.923670232787384,0.2391289883113416,467980099,20802443
Europe & Central Asia,ECA,1993,1.9,0.051290361622008014,0.01508556847444895,0.007569664432548484,0.021364034644359153,9.777531080023929,0.251062647857119,469225830,24066763
Europe & Central Asia,ECA,1994,1.9,0.06477787722608835,0.01929126091872678,0.009506414973460034,0.027250355146344437,9.36985238022268,0.26745679484677354,470074744,30450444
Europe & Central Asia,ECA,1995,1.9,0.06589789089804862,0.02089589693596903,0.010569277697618172,0.03008132193449809,10.035330117360953,0.2661884588075409,470506050,31005356
Europe & Central Asia,ECA,1996,1.9,0.06760103199744726,0.02139471606684236,0.010606016247441365,0.030702255086861682,9.46627939535174,0.26711914239095524,471067393,31844642
Europe & Central Asia,ECA,1997,1.9,0.05932958754697269,0.020171890443475476,0.01050360286787696,0.02935064844620008,9.352262757105983,0.25112618099309175,471529841,27975671
Europe & Central Asia,ECA,1998,1.9,0.06077646029693485,0.02026969872704309,0.010429237374965622,0.029309540271187796,9.407585194381276,0.2527957563103525,471716867,28669281
Europe & Central Asia,ECA,1999,1.9,0.07951545929514126,0.02417507638083756,0.01126034935932484,0.033736672394852174,8.201307051321603,0.2705143777152591,471541889,37494870
Europe & Central Asia,ECA,2000,1.9,0.07478801812173792,0.022793416590083274,0.010228981956145364,0.03183143161080389,8.6761946057179955,0.26532414764393597,471069157,35230329
Europe & Central Asia,ECA,2001,1.9,0.06621385226677132,0.01930139033752584,0.008359503310157907,0.026516784386002645,9.131041622812564,0.2544932968343608,470536127,31156010
Europe & Central Asia,ECA,2002,1.9,0.05733555834906249,0.015791633904006445,0.0064457147324772646,0.021059494877109907,9.718461722853483,0.2437056630034492,470077441,26952153
Europe & Central Asia,ECA,2003,1.9,0.05809506822006242,0.017601789841368915,0.007712789094816925,0.024180504911985486,10.325485056478069,0.2447584719868403,470069206,27308703
Europe & Central Asia,ECA,2004,1.9,0.03803099278344798,0.009962828091278153,0.004093117343451314,0.013370922336695292,11.272722523054291,0.23091953149715325,470297530,17885882
Europe & Central Asia,ECA,2005,1.9,0.030384154255058263,0.0077490453841857765,0.0031540058928758072,0.010303470835371663,12.017994905186924,0.22142150412123832,470610837,14299112
Europe & Central Asia,ECA,2006,1.9,0.02069372906955235,0.00543224323208601,0.002325108644226641,0.007608883367889976,12.827283609498226,0.2074312038988367,471103668,9748892
Europe & Central Asia,ECA,2007,1.9,0.014039953666157028,0.0035644163058392835,0.001507903827824959,0.004830250442718181,14.050076483754173,0.1943649487548161,471471844,6619443
Europe & Central Asia,ECA,2008,1.9,0.009114852947081723,0.002531366545956681,0.0010864273784487938,0.0034630860170000105,15.36009605296991,0.1818915220067469,472676005,4308372
Europe & Central Asia,ECA,2009,1.9,0.00860156746184831,0.0021228784107681408,8.882707491691726e-4,0.0028270388019954865,14.989410229143333,0.17883279909762578,474379426,4080407
Europe & Central Asia,ECA,2010,1.9,0.008614277563616431,0.002326538162129547,0.001073634151980877,0.0029672042725257326,15.629419998467492,0.1742472989505903,476261827,4102652
Europe & Central Asia,ECA,2011,1.9,0.006512130817326654,0.001842101038373367,8.507281896287202e-4,0.002411388256503036,16.17579336342204,0.171103440572412,478312207,3114832
Europe & Central Asia,ECA,2012,1.9,0.006622003590208245,0.002069561901150244,0.0010904447270877913,0.0024939771634075445,16.716140503757636,0.17025397420638708,480162525,3179638
Europe & Central Asia,ECA,2013,1.9,0.005389909257193159,0.001414198599959606,6.209592457366948e-4,0.0018461123819314518,17.24551507109829,0.16698454031314902,482231605,2599185
Europe & Central Asia,ECA,2014,1.9,0.00853364617178001,0.00293483345823809,0.0016846579847120862,0.0038948178491623785,17.4118673189377,0.1694552617960456,484345335,4133232
Europe & Central Asia,ECA,2015,1.9,0.006771836514469983,0.0020332604983872844,9.833649198548692e-4,0.0028065293185340068,16.92232630224875,0.16446192071076762,486509818,3294565
Europe & Central Asia,ECA,2016,1.9,0.00550127435479139,0.0019733526232789305,0.0012128665970402254,0.0021770591369614225,17.111751690540377,0.1640370783301015,488609841,2687977
Europe & Central Asia,ECA,2017,1.9,0.006045619637171397,0.0020586147652229886,0.0011977807447701558,0.002427517741889989,17.68770918357081,0.16193832244073555,490534707,2965586
Europe & Central Asia,ECA,2018,1.9,0.003317031258070882,8.816888679305058e-4,3.754557693889454e-4,0.0011410986840506695,18.08906147868541,0.15407953113952422,492355344,1633158
Europe & Central Asia,ECA,2019,1.9,0.003498199772408714,8.503765051175977e-4,3.421447728531062e-4,0.0011026317647997714,18.670712459092005,0.15420041731373726,494282262,1729098
Europe & Central Asia,ECA,2020,1.9,0.004100669715770782,0.0012396012802032542,6.077950654970594e-4,0.0017002736736450228,20.020957631018824,0.1502757620065874,495478245,2031793
Europe & Central Asia,ECA,2021,1.9,0.0038658635495360623,0.001153950654291437,5.697071978182011e-4,0.0015797925267908208,21.275422533284594,0.1466872210472498,496390971,1918980
Europe & Central Asia,ECA,2022,1.9,0.0036121347159333464,0.001063823047505739,5.201077554999034e-4,0.0014359841165145586,22.304685031770305,0.14663792120370575,491641908,1775877
Latin America & Caribbean,LAC,1981,1.9,0.14206806909872574,0.05697782762615549,0.03408713440515476,0.07593303876614124,10.098088358635325,0.3385626064933494,365416179,51913971
Latin America & Caribbean,LAC,1982,1.9,0.14787406932985975,0.05906314615786707,0.03506115391568862,0.07808873251914468,10.001733305128022,0.34116324797774167,373239378,55192426
Latin America & Caribbean,LAC,1983,1.9,0.17402451955871945,0.07032723879193757,0.04132466919084783,0.09411814914616348,9.27971881997745,0.35359414722604876,381194012,66337105
Latin America & Caribbean,LAC,1984,1.9,0.17049702772431083,0.0680963990023885,0.03999904349627996,0.09194726109037253,9.346012628505896,0.35181330561535845,389186556,66355151
Latin America & Caribbean,LAC,1985,1.9,0.15791720624271707,0.0629533017567806,0.03720172769813417,0.08603375498934503,9.417490801665062,0.34563227518765255,397166929,62719492
Latin America & Caribbean,LAC,1986,1.9,0.11356176989695214,0.04598877575362293,0.02844566647456972,0.05957743120468834,11.606880982525352,0.328084252248917,405131151,46007411
Latin America & Caribbean,LAC,1987,1.9,0.13895239033192075,0.05715206504030392,0.03484308468669132,0.07633781966374177,10.515711593392181,0.3390659698024039,413096830,57400792
Latin America & Caribbean,LAC,1988,1.9,0.1454774915295129,0.06212298054703033,0.038646646724732926,0.08490779492043442,10.34321899008893,0.3405376916204861,421110516,61262102
Latin America & Caribbean,LAC,1989,1.9,0.14041146065445698,0.060270082708953586,0.037811314805459635,0.0791337033374404,10.592075370951212,0.33771165735979336,429142880,60256579
Latin America & Caribbean,LAC,1990,1.9,0.1518518325326055,0.06317754447273355,0.03782956755890934,0.08761372991275956,9.643674306027389,0.34233815051085237,437302121,66405128
Latin America & Caribbean,LAC,1991,1.9,0.14665989306867935,0.061491384053128414,0.0372450083904333,0.08528668577979368,9.44657836518249,0.33811281950524585,445514444,65339101
Latin America & Caribbean,LAC,1992,1.9,0.1454801990006829,0.06173749241009005,0.038100519511834324,0.08580426183343136,9.16271470709023,0.33679064890987204,453637904,65995333
Latin America & Caribbean,LAC,1993,1.9,0.14503729765614082,0.06126279184164277,0.03766133716014948,0.08590185398447112,9.815754286139137,0.34231069593338515,461724664,66967298
Latin America & Caribbean,LAC,1994,1.9,0.13412124668872785,0.05632799375596208,0.0348940119123377,0.07636876264386475,10.398784140823508,0.33681366014993624,469797636,63009845
Latin America & Caribbean,LAC,1995,1.9,0.1311551412581071,0.054475251114425284,0.033607901917611954,0.07122474733270329,10.606834088313734,0.33609782649749437,477823621,62669025
Latin America & Caribbean,LAC,1996,1.9,0.14373288501450082,0.062272507132104846,0.03933436842954363,0.08142103512521616,10.489485918348946,0.3447886976995283,485741920,69817088
Latin America & Caribbean,LAC,1997,1.9,0.141425483368689,0.06124294899082951,0.03839837977694778,0.08092906494297417,10.72083161572255,0.3423431613229106,493590213,69806234
Latin America & Caribbean,LAC,1998,1.9,0.14034918344903274,0.06075979865107848,0.03816556508928509,0.07947430280978775,10.956977122594706,0.3413498308888013,501370524,70366944
Latin America & Caribbean,LAC,1999,1.9,0.1428387399386017,0.06159270226470798,0.03880266441789849,0.08183864043159247,10.563098461642571,0.34305638468665756,509049294,72711960
Latin America & Caribbean,LAC,2000,1.9,0.13049242685515544,0.057061494941422645,0.03657449759070333,0.0748930086357158,11.105861709822797,0.3367688081267403,516600237,67412419
Latin America & Caribbean,LAC,2001,1.9,0.12820651062698774,0.05415202383858125,0.033008207268586776,0.07863269513995955,11.148993010704142,0.33689255652356864,523993100,67179327
Latin America & Caribbean,LAC,2002,1.9,0.12102882494318162,0.047968920504976684,0.027617690788424114,0.07101938223202968,11.095558995623305,0.33389951574948484,531224874,64293522
Latin America & Caribbean,LAC,2003,1.9,0.11573020725857347,0.04627765948383613,0.02692684864310428,0.06921149935166315,11.083966969216434,0.32861001794260347,538249810,62291762
Latin America & Caribbean,LAC,2004,1.9,0.1062558840513102,0.041426791926679106,0.02379374347743398,0.060410237720453716,11.282224915941557,0.3226883254566995,545156477,57926083
Latin America & Caribbean,LAC,2005,1.9,0.1008197270328583,0.04020676577269169,0.023422322879410585,0.06067227124827742,11.904139913909015,0.3191446908118613,551989221,55651403
Latin America & Caribbean,LAC,2006,1.9,0.08318237578591033,0.032483517121245815,0.018564899824063667,0.048266782836532546,12.768217768986808,0.3072212995539228,558674880,46471904
Latin America & Caribbean,LAC,2007,1.9,0.07160612355891295,0.026944187547767198,0.015203266788553268,0.03744436317773164,13.261280809222992,0.30319470848275,565230562,40473969
Latin America & Caribbean,LAC,2008,1.9,0.06535296403934975,0.024187794834387544,0.013534700913295773,0.032973438664579406,13.721045263752826,0.2975918681047091,571652830,37359207
Latin America & Caribbean,LAC,2009,1.9,0.06250867549216511,0.022816691087760382,0.012579373893838446,0.030563834468651317,13.722116552760513,0.29349037791972693,578012032,36130767
Latin America & Caribbean,LAC,2010,1.9,0.05521993931956234,0.020231960343935217,0.011197214456951963,0.02648929726536187,14.20631783051275,0.2862794665502026,584154099,32256954
Latin America & Caribbean,LAC,2011,1.9,0.050830128854067395,0.01874692626406807,0.010496776388335757,0.02417690363198204,14.791711026030475,0.2811587585990136,590822133,30031565
Latin America & Caribbean,LAC,2012,1.9,0.047705882601548594,0.01711263559303891,0.00942208189251282,0.021519160097215988,15.410367585774619,0.2805334338472526,597484757,28503538
Latin America & Caribbean,LAC,2013,1.9,0.042597130213108,0.014742983806851314,0.0080310903570060509,0.01814698444436918,15.825545668188266,0.27500558974786754,604017566,25729415
Latin America & Caribbean,LAC,2014,1.9,0.039972124398981665,0.013552198552453446,0.007420595300597601,0.016111097326712124,15.864005001289238,0.27161453997433743,610469668,24401770
Latin America & Caribbean,LAC,2015,1.9,0.03759185708542994,0.012151541757832245,0.006239298915244051,0.01552347194539547,16.176029145707535,0.26798869107380957,616863630,23189049
Latin America & Caribbean,LAC,2016,1.9,0.03957810263974441,0.013460679213683144,0.0070354152502837206,0.017596334796305436,16.325173087967308,0.26993921920811537,623198184,24665002
Latin America & Caribbean,LAC,2017,1.9,0.039657221478076016,0.01366903127269718,0.007129869437626757,0.017763641669207554,16.439408189159774,0.267442670029349,629400315,24960268
Latin America & Caribbean,LAC,2018,1.9,0.03913760790835295,0.013526681085534412,0.007054614590292442,0.017687575611330428,16.66837108218909,0.2658447948550754,635357588,24866376
Latin America & Caribbean,LAC,2019,1.9,0.03930516500603543,0.013677457478800071,0.007229222254502926,0.01764974532324019,16.827684433391696,0.26770743907357386,641020331,25195410
Latin America & Caribbean,LAC,2020,1.9,0.036494616240530776,0.01291670532987763,0.007195418675134995,0.01629911707802076,15.812075331711934,0.253998921204147,646169112,23581694
Latin America & Caribbean,LAC,2021,1.9,0.041941644677879066,0.014260718818732351,0.007408493941154837,0.018495198015520048,15.94820594575301,0.26516240396609475,650633048,27288620
Latin America & Caribbean,LAC,2022,1.9,0.03153383111326317,0.010969492868077009,0.005911904650238793,0.013795524468789032,16.999189086439074,0.25512497359880293,655002821,20654748
Middle East & North Africa,MNA,1985,1.9,0.08406867141761802,0.015831839406930184,0.004781651848959137,0.019476529932784023,6.7717744479481805,0.30231368578438617,199650711,16784370
Middle East & North Africa,MNA,1986,1.9,0.08408296983172354,0.01583888603133349,0.0048334568728440755,0.019508484045127623,6.606780726693267,0.303392859847083,205808385,17304980
Middle East & North Africa,MNA,1987,1.9,0.08456909935342594,0.016180780891931625,0.005034339096607411,0.01990666202896711,6.399976016682122,0.30385273990760125,211990512,17927847
Middle East & North Africa,MNA,1988,1.9,0.0809404751430826,0.015516310070147213,0.004904181389814678,0.019258566614594522,6.323145846636871,0.3015240984967455,218048996,17648989
Middle East & North Africa,MNA,1989,1.9,0.08108395893232875,0.015623069810457857,0.005045402498616598,0.01940133393478845,6.159278080998199,0.30286474641965566,224156488,18175495
Middle East & North Africa,MNA,1990,1.9,0.06613982529133836,0.012597942881702455,0.004107762479745324,0.015298281639761229,6.4100663118535115,0.29218019809288404,230650883,15255209
Middle East & North Africa,MNA,1991,1.9,0.08452586778848217,0.017068563746248825,0.005648278238786452,0.02103471543721461,6.514634541682267,0.3036965702336078,237138903,20044372
Middle East & North Africa,MNA,1992,1.9,0.0701844986801855,0.013222903478464275,0.0041773547665405475,0.01619707413512704,6.6638762504326285,0.29629658027832934,243117656,17063091
Middle East & North Africa,MNA,1993,1.9,0.06269052251314848,0.0114275131684898,0.0035442750138035637,0.014018586073844085,6.676095785848414,0.2912724194918377,248482132,15577475
Middle East & North Africa,MNA,1994,1.9,0.05959062316282969,0.0107741996691494,0.003301637703727017,0.01326001349547589,6.7023346853163055,0.28920207704968737,253698220,15118035
Middle East & North Africa,MNA,1995,1.9,0.05902332350610161,0.010827725813461208,0.0033559546490898864,0.01331531426346147,6.676553265308571,0.2886256396397897,259126391,15294501
Middle East & North Africa,MNA,1996,1.9,0.051648422367407874,0.009318528583238124,0.0028836825119058856,0.011370935546042306,6.908007062866546,0.2817614115005313,264445976,13658217
Middle East & North Africa,MNA,1997,1.9,0.04522794381788791,0.00833195461456949,0.0026194841844851056,0.010231590489762828,7.012885571194589,0.27598112977391326,269812259,12203054
Middle East & North Africa,MNA,1998,1.9,0.03785501489504734,0.007055743350340901,0.0022412784876370976,0.008737718132439945,7.279141636956723,0.26684630944894805,275218600,10418404
Middle East & North Africa,MNA,1999,1.9,0.03510371537855888,0.006652380589424455,0.0021474913600339116,0.00814085148506971,7.3700213326650434,0.2626124998666067,280669461,9852541
Middle East & North Africa,MNA,2000,1.9,0.032158286681772716,0.006083137717886687,0.0019834716737713353,0.007459836689565725,7.637041218822978,0.25789734348416626,286243363,9205096
Middle East & North Africa,MNA,2001,1.9,0.03278902363490337,0.006109474074975429,0.0019522007804235785,0.007469472230095119,7.694383771454538,0.25797255012028725,291918738,9571730
Middle East & North Africa,MNA,2003,1.9,0.03806171481313548,0.006784452648075878,0.002061241735016291,0.008214073197111486,8.169252245491673,0.2608683470448123,302534495,11514982
Middle East & North Africa,MNA,2004,1.9,0.03213761654717835,0.005618207617084923,0.0016863790976593361,0.006785162252033029,8.630757052866892,0.2503483524858279,308414635,9911711
Middle East & North Africa,MNA,2005,1.9,0.031454311124106744,0.005458076412774924,0.0016271045085550922,0.006544274387415228,8.750627582934271,0.2481397247025113,314463765,9891241
Middle East & North Africa,MNA,2006,1.9,0.030177983093393274,0.005318218849099798,0.0015935719765985334,0.006384081672601181,8.920288017173773,0.24755821145292445,320543715,9673363
Middle East & North Africa,MNA,2007,1.9,0.030268391011213588,0.005445442135025364,0.001674812075434136,0.006587635808117604,9.056141846652727,0.2461537839304571,326686092,9888262
Middle East & North Africa,MNA,2008,1.9,0.02954632427100742,0.005470303691165607,0.0017297399696444963,0.006664889867713,9.075999198037042,0.24214913687489767,332944332,9837281
Middle East & North Africa,MNA,2009,1.9,0.025777026894236034,0.004919465603102511,0.0016321297202599447,0.006069688914170529,9.138244268211022,0.23495623451074754,339372574,8748016
Middle East & North Africa,MNA,2010,1.9,0.022617686681802442,0.004238058906071729,0.001418635307975904,0.0052247567940210335,9.038816227596767,0.22611911852666,346195244,7830136
Middle East & North Africa,MNA,2011,1.9,0.023596321645578733,0.004658092117721709,0.0015875658612223527,0.0057810208031834134,8.816710703034062,0.21730261139051482,352977032,8328960
Middle East & North Africa,MNA,2012,1.9,0.023861752937363635,0.0048065313793140725,0.0016371468708600294,0.005949858217085035,8.706486519235252,0.2117452055225029,359775301,8584869
Middle East & North Africa,MNA,2013,1.9,0.02603324560724361,0.005311063507303467,0.0017779061443661142,0.0065182251481496175,8.576892130801253,0.21063848900700424,367126905,9557505
Middle East & North Africa,MNA,2014,1.9,0.029138049080583255,0.006080649897780092,0.002079579733015613,0.007508097907254838,8.515954509178448,0.2150097514692752,374765623,10919939
Middle East & North Africa,MNA,2015,1.9,0.03715917217440033,0.00898745365235168,0.0033656148660030946,0.01144510181291015,8.571265529145082,0.22030876920969691,382329115,14207033
Middle East & North Africa,MNA,2016,1.9,0.044568844726571466,0.01127978077978841,0.004355851943316416,0.014535906454978967,8.559346136618087,0.22594996868918035,389452608,17357453
Middle East & North Africa,MNA,2017,1.9,0.0482913250745997,0.012387354709609862,0.004856859480855149,0.01605971891020406,8.656738824216355,0.23060441031971438,396149276,19130573
Middle East & North Africa,MNA,2018,1.9,0.048419971694834286,0.012570677847713577,0.00496061137003311,0.016338497981656184,8.607996451990115,0.23048186896901446,402976501,19512111
Other High Income Countries,OHI,1981,1.9,0.005295449871566316,0.0028819237667594188,0.002144644419242448,0.00827838060439853,32.5587888420544,0.15315840045535972,846950093,4484982
Other High Income Countries,OHI,1982,1.9,0.005606341160327416,0.00302825517701318,0.002354119935411332,0.011719359366382718,33.135024293511925,0.15568712864748163,853350156,4784172
Other High Income Countries,OHI,1983,1.9,0.004966150735479294,0.002960755667362986,0.0023021663194243954,0.006777834234836375,33.72275228321347,0.1581400368756188,859262240,4267226
Other High Income Countries,OHI,1984,1.9,0.004736085547458078,0.0026761265015100033,0.00205451225925345,0.006140518720934639,34.64594714910336,0.1572528132337013,864798055,4095758
Other High Income Countries,OHI,1985,1.9,0.004388161542660483,0.0026404554762847242,0.0020207688078297046,0.0060203321386579,35.32252725035134,0.15733513604929963,870394467,3819432
Other High Income Countries,OHI,1986,1.9,0.0045464231495572546,0.0029216023240966798,0.00227325915391038,0.006168493360182591,36.27661806483928,0.15641704343361937,876191481,3983537
Other High Income Countries,OHI,1987,1.9,0.004562933043407354,0.0028997207995721704,0.002280487334271556,0.007357660364660411,37.78301626356969,0.1566458294989615,882152454,4025203
Other High Income Countries,OHI,1988,1.9,0.004353313556998285,0.0024538749258227366,0.0019402092830971623,0.0053867483302055905,38.872050262484,0.15488452672333666,888378680,3867391
Other High Income Countries,OHI,1989,1.9,0.004254382825962214,0.002385772911409789,0.0019203557669773602,0.004426509264762022,39.960977534044524,0.15310843702027732,895268740,3808816
Other High Income Countries,OHI,1990,1.9,0.004244603388784522,0.0024234055366583514,0.0019115479866528059,0.004434461145180999,40.321722302007686,0.15405328629229026,902132842,3829196
Other High Income Countries,OHI,1991,1.9,0.004433524203544774,0.0027547678745768753,0.0022172295874002108,0.00608747163266353,40.59967760133673,0.15655728203650898,910304081,4035855
Other High Income Countries,OHI,1992,1.9,0.0047972900785782195,0.0029534212039837742,0.002348866529457613,0.0063527339969996375,40.90745297150005,0.15896283742341313,918777453,4407642
Other High Income Countries,OHI,1993,1.9,0.005413962840873314,0.0034901870064222556,0.002852252009050842,0.008438919762986854,41.22668654727326,0.1631305331836767,926540298,5016255
Other High Income Countries,OHI,1994,1.9,0.005289295004361711,0.0034557358452486507,0.002814267428110081,0.008965050732170588,41.96298031757004,0.162328820616607,933692901,4938577
Other High Income Countries,OHI,1995,1.9,0.005093151958683371,0.0033740486127999104,0.0027235205918285663,0.004925842332707749,42.6709515979831,0.15952648093524316,940634791,4790796
Other High Income Countries,OHI,1996,1.9,0.004831489734274638,0.0032590130409716213,0.002720228074676437,0.005080091200356182,43.42343009861088,0.16078961892343335,947752817,4579058
Other High Income Countries,OHI,1997,1.9,0.005498084942047636,0.00345641669709895,0.0028559804402318607,0.005186807372517315,44.35259196342348,0.15828161017107156,954702349,5249035
Other High Income Countries,OHI,1998,1.9,0.005538391953760602,0.003883419206800577,0.0032188404850539,0.005794065725005744,45.35810909083003,0.15848206524182148,961449657,5324885
Other High Income Countries,OHI,1999,1.9,0.005204568606846104,0.003416062694603428,0.0028668538481872595,0.004708916596521679,46.583723580438544,0.15669155359448245,968112203,5038606
Other High Income Countries,OHI,2000,1.9,0.004898227323287997,0.003410394831982869,0.002877551531780993,0.004841202443787104,47.72619646961862,0.15468147318121814,975095226,4776238
Other High Income Countries,OHI,2001,1.9,0.005040886697598896,0.0038101030796220234,0.0033023932019788298,0.00714504590396386,48.11669212414657,0.15448837713827984,982173442,4951025
Other High Income Countries,OHI,2002,1.9,0.0050499634958902475,0.003793477192213346,0.0032513805327477603,0.00652495939429546,48.52897530953841,0.1562324218802325,989238800,4995620
Other High Income Countries,OHI,2003,1.9,0.005566904733726299,0.0038689204469511897,0.003276121599548828,0.011059431628472557,49.12153676310458,0.15463894728470964,996081706,5545092
Other High Income Countries,OHI,2004,1.9,0.005246486256046888,0.0038982981049828494,0.0033605606347188845,0.004320551695375808,49.7576577753056,0.1530086559946725,1003104483,5262774
Other High Income Countries,OHI,2005,1.9,0.005252359778877709,0.0038599026781137693,0.0033416991897239384,0.011299232608203615,50.52714044283939,0.1540498042994332,1010469192,5307348
Other High Income Countries,OHI,2006,1.9,0.005123470218312616,0.0038062461384259032,0.003300199119736672,0.003760245928890232,51.40849694009225,0.15475236170821022,1018930352,5220459
Other High Income Countries,OHI,2007,1.9,0.00500319949621656,0.003591164359386744,0.003113301956252775,0.0034883533174355223,52.711355366149284,0.15515728784917382,1028269040,5144635
Other High Income Countries,OHI,2008,1.9,0.005099848278320812,0.003831845479352015,0.0033153281263884104,0.004165042039283312,52.289195090880654,0.1567025653198743,1037921677,5293243
Other High Income Countries,OHI,2009,1.9,0.005202456551933717,0.003547704043365493,0.00308713061115975,0.008474077682725322,52.5831792136461,0.1523734624143249,1046437230,5444044
Other High Income Countries,OHI,2010,1.9,0.0050865329893985105,0.0040282534457225455,0.0035626166633312803,0.004135166729058868,52.332657169273844,0.1465643211137848,1053724702,5359805
Other High Income Countries,OHI,2011,1.9,0.005526720787062874,0.004084111957545267,0.0035567653226345874,0.003995289298166336,52.36421074255782,0.14776437887045366,1058367948,5849304
Other High Income Countries,OHI,2012,1.9,0.00578980525866436,0.00411034098052281,0.0034838772443702083,0.00431827007896431,52.15178906735104,0.1503676133867473,1064547643,6163524
Other High Income Countries,OHI,2013,1.9,0.00639879508943141,0.004315721752461156,0.0036442584527825715,0.004201704676453796,52.15238462566806,0.1514842723969338,1070962118,6852867
Other High Income Countries,OHI,2014,1.9,0.006828095303568083,0.004670705303754792,0.0039745698420922794,0.006431388016351582,52.60793031847263,0.14834747292683523,1077542864,7357565
Other High Income Countries,OHI,2015,1.9,0.0073880035647055885,0.004703155359557973,0.0040461220962308446,0.005452039634371315,53.765514696264056,0.1490101396113385,1084031709,8008830
Other High Income Countries,OHI,2016,1.9,0.006367782461185524,0.0045704202172180495,0.003962297776026832,0.005131819835178877,55.136129595638955,0.15011394174362414,1090640159,6944959
Other High Income Countries,OHI,2017,1.9,0.00698724375397956,0.00491245463226612,0.00430393494069642,0.007625706690120837,55.81315781181137,0.15121561024173194,1096509677,7661580
Other High Income Countries,OHI,2018,1.9,0.006195576354310829,0.004275570158996726,0.0037055376084991526,0.005319080230844354,57.55341205608488,0.1483161373680365,1102108122,6828195
Other High Income Countries,OHI,2019,1.9,0.005928039211046774,0.0038695062692362964,0.0033043223892180577,0.01026278838105399,59.41627177278049,0.14976243969974493,1106961020,6562108
Other High Income Countries,OHI,2020,1.9,0.003568050312466162,0.0022262361308138965,0.0018581813636744503,0.0074368252801228765,59.33833024372826,0.14481839942287944,1111884247,3967259
Other High Income Countries,OHI,2021,1.9,0.003154239382338205,0.0020412245012823497,0.0017629624990519956,0.00776379667046051,59.8653098635539,0.13964530610490838,1111903937,3507211
Other High Income Countries,OHI,2022,1.9,0.0031217739753477336,0.002003650874306388,0.0017442450499114825,0.007683852341986715,61.66467099491189,0.13907121924689142,1115640773,3482778
South Asia,SAS,1981,1.9,0.589134333071452,0.1960388525883083,0.08645868339928166,0.2704993461943658,2.089426050146217,0.5988919779981335,926216545,545665967
South Asia,SAS,1982,1.9,0.5778977499759839,0.1893753524114903,0.08260517979676059,0.26016808413484643,2.1080519609832575,0.5877849423771568,948043890,547872431
South Asia,SAS,1983,1.9,0.5592000434359533,0.17940895506511115,0.07704962882874326,0.2450269349720945,2.147418573635431,0.5696170197107818,970938323,542948752
South Asia,SAS,1984,1.9,0.5474635068162379,0.1723022724623905,0.0727112610660902,0.23311383285907844,2.190700102914102,0.5588228745813733,994345688,544367977
South Asia,SAS,1985,1.9,0.5350511322520967,0.16465280946138441,0.06819538942911997,0.22040465539044835,2.2406525534953277,0.5470261835706429,1018142776,544758445
South Asia,SAS,1986,1.9,0.5247296456897761,0.15833205224699287,0.06447713080620027,0.2100759480972406,2.282443912082738,0.5408833110553293,1042169001,546856971
South Asia,SAS,1987,1.9,0.5201146762853438,0.15458676838720647,0.06200448827806856,0.20354755168545544,2.3058728551471535,0.5376785415913811,1066371857,554635653
South Asia,SAS,1988,1.9,0.5072152180912108,0.14764553104641512,0.05827980136882071,0.1932388857345861,2.346421787531981,0.5304838059608173,1091004504,553374087
South Asia,SAS,1989,1.9,0.5028884251794481,0.14533192588830648,0.05715036841756359,0.18996421548442657,2.355545124232682,0.5279043538090314,1116147699,561297759
South Asia,SAS,1990,1.9,0.49796304331766544,0.14320709186711775,0.05633705698412255,0.18706068551216723,2.36629074663598,0.5248546057623639,1141312704,568331547
South Asia,SAS,1991,1.9,0.484351973563528,0.13544606664698466,0.05210440150551543,0.1754356299702561,2.401798706929652,0.5141885434561527,1166480561,564987162
South Asia,SAS,1992,1.9,0.46656132440026027,0.12702503173235857,0.04798554077920263,0.16352908530018578,2.457616195666598,0.5061545199131934,1192390433,556323260
South Asia,SAS,1993,1.9,0.46028288813978807,0.12348292827746671,0.04621729476908002,0.15850606339735038,2.477925094231129,0.5034630830043316,1219180082,561167729
South Asia,SAS,1994,1.9,0.4446611058217557,0.11746953779726854,0.043532697429956455,0.15032554251640587,2.5350821945546667,0.4955238841802935,1246157499,554117772
South Asia,SAS,1995,1.9,0.4366810600143748,0.1152668965333012,0.04281802284772723,0.14762680535068043,2.5705355380602994,0.4914521094757288,1272877742,555841602
South Asia,SAS,1996,1.9,0.4210435697983993,0.10911600758482726,0.03991155664750558,0.13906403311451287,2.6276745402120856,0.48368130912986,1299407301,547107089
South Asia,SAS,2002,1.9,0.40092540934133186,0.0996415760966287,0.03504542587724088,0.12533686418509696,2.751512689209036,0.4728673934969846,1462070145,586181071
South Asia,SAS,2003,1.9,0.3872428008408922,0.09513778163548746,0.033182925568153984,0.1193793088392885,2.8163018749950677,0.4663052449915136,1489358080,576743194
South Asia,SAS,2004,1.9,0.3704888507539477,0.08961413468567785,0.030903716392868794,0.11208544411590267,2.8961173635952413,0.4570729015612229,1515703001,561551063
South Asia,SAS,2005,1.9,0.3537018430661362,0.08409176671276603,0.028609255390625702,0.1047794072982561,2.968638282179124,0.44905082446276606,1541263909,545147885
South Asia,SAS,2006,1.9,0.336510679530505,0.07840853246662609,0.02634430776702033,0.09736157955956887,3.03880700005439,0.44081296073694987,1565892885,526939679
South Asia,SAS,2007,1.9,0.31988267726772096,0.07308631859332164,0.024294709882680808,0.09049247144147265,3.105155022458735,0.43206616760297045,1589454615,508438998
South Asia,SAS,2008,1.9,0.3084137817894855,0.070076584169262,0.023231857046983065,0.0866877905560077,3.1513831343999126,0.42617254257981513,1612709085,497381708
South Asia,SAS,2009,1.9,0.294495764002,0.06592073163706533,0.021701547152511377,0.08138227058384877,3.2128628487715307,0.4190587621940969,1636411632,481916294
South Asia,SAS,2010,1.9,0.2528923056674024,0.054227476572914844,0.017235984492156454,0.06635667629334355,3.3758891650234557,0.40045100549621554,1660546144,419939343
South Asia,SAS,2011,1.9,0.2149027773966514,0.04399160168081062,0.013460111874342982,0.053354601610790295,3.5876351164698623,0.38272971592155264,1684898004,362089261
South Asia,SAS,2012,1.9,0.19779524377064753,0.03953600395688277,0.011934450428778016,0.04783776830745351,3.6977950799217107,0.3733238665570479,1708706729,337974064
South Asia,SAS,2013,1.9,0.1886810355546403,0.037341217624387746,0.011363037601855124,0.04532138160697069,3.76366133507645,0.36705775588661244,1731683901,326735912
South Asia,SAS,2014,1.9,0.17780583607990672,0.0351089075878623,0.010767309705608413,0.042738025843604935,3.8134010000292595,0.36041289777569585,1754030304,311876825
South Asia,SAS,2015,1.9,0.1655547617958153,0.03254215975977674,0.010070272833349166,0.039738178033321546,3.876028364599348,0.352157555795308,1775545180,293949959
South Asia,SAS,2016,1.9,0.1575711656153204,0.031045810024516028,0.009704827951391265,0.03801748944285732,3.9365184267073445,0.34682689331446015,1797072648,283166832
South Asia,SAS,2017,1.9,0.12569943557793697,0.02357199006251895,0.007247824636950534,0.028849607112417307,4.19943095153471,0.32949290803232206,1818931519,228638665
South Asia,SAS,2018,1.9,0.10051553305879403,0.01890542267376754,0.0058585493596504425,0.023140994989584596,4.446299222565417,0.3120442033592685,1840534093,185002265
South Asia,SAS,2019,1.9,0.105535819931962,0.021314427582997574,0.006700677783162883,0.026041378653453663,4.526461382435684,0.31675633982486234,1861598514,196465326
South Asia,SAS,2020,1.9,0.12954004954076162,0.027714505706375295,0.009100748376277468,0.03420794157345509,4.331728559029305,0.3282609367802419,1882531620,243863239
South Asia,SAS,2021,1.9,0.1142539786365694,0.02350596947660175,0.007447952622057437,0.02876567463306819,4.438246458972886,0.3171885497719356,1901911604,217300968
South Asia,SAS,2022,1.9,0.09679436772609709,0.018995423814017094,0.005809333431661625,0.023057149917200703,4.636242818762693,0.3057888950315789,1919348000,185782076
Sub-Saharan Africa,SSA,1990,1.9,0.5643623443022038,0.26145458128746824,0.1546243595784628,0.42802968930588625,2.9448677074655523,0.6007910250626519,516629688,291566342
Sub-Saharan Africa,SSA,1991,1.9,0.5773705614252705,0.2716693538959521,0.162021291961137,0.44784775727582027,2.882676947662182,0.6124353197246092,530716971,306420356
Sub-Saharan Africa,SSA,1992,1.9,0.5869009490937366,0.2780541881538524,0.1664101127388366,0.45796357987110076,2.8152684318525734,0.6197144408478805,544899623,319802106
Sub-Saharan Africa,SSA,1993,1.9,0.5983209928355323,0.28445003471309,0.17027557687920505,0.46635595505761546,2.7051509281252972,0.627788687714659,559413902,334709081
Sub-Saharan Africa,SSA,1994,1.9,0.6009319693695474,0.28888090006922007,0.174337732147546,0.47647623998728694,2.6746429623499473,0.6324180149270331,574094137,344991520
Sub-Saharan Africa,SSA,1995,1.9,0.59677361528009,0.28526358040072564,0.17163510838009582,0.46928446007857694,2.718993479288253,0.6300356439283727,589328085,351695452
Sub-Saharan Africa,SSA,1996,1.9,0.5912675839533567,0.2800442230308328,0.16753233006389268,0.45872003160548736,2.7604921523282893,0.6256547344211717,605186062,357826901
Sub-Saharan Africa,SSA,1997,1.9,0.5878901881474264,0.27678194239495374,0.16507814255310183,0.4525871281197685,2.7627388636342447,0.6234333999625247,621065325,365118211
Sub-Saharan Africa,SSA,1998,1.9,0.5867018819077281,0.27386901983010764,0.1624033267863103,0.44645064811268736,2.7343733388785365,0.6217208061241225,637198518,373845570
Sub-Saharan Africa,SSA,1999,1.9,0.5844557561940977,0.2701899829990762,0.15965682562776193,0.44005938114784265,2.703692905306858,0.6194161426781137,653883261,382165836
Sub-Saharan Africa,SSA,2000,1.9,0.5811024785991461,0.2687778251799882,0.15926424907195008,0.43954084497561846,2.6815876053290757,0.6158115904454383,671212486,390043239
Sub-Saharan Africa,SSA,2001,1.9,0.5719794458562533,0.26189787155715266,0.15419099875858894,0.42632040598186866,2.6955571030916894,0.6071764588405298,689161982,394186489
Sub-Saharan Africa,SSA,2002,1.9,0.5660427388521827,0.25425190971488837,0.14736455765598327,0.4100514416331213,2.7351355527782357,0.6018547803766419,707693440,400584733
Sub-Saharan Africa,SSA,2003,1.9,0.555757916345833,0.24482158850823357,0.14012100836355218,0.39194581762957836,2.766251024890393,0.5904333370896108,726785433,403916758
Sub-Saharan Africa,SSA,2004,1.9,0.5282476451805087,0.2285125995834039,0.12980783016844336,0.36509601239896516,2.9048306716594636,0.5703191584228228,746546802,394361590
Sub-Saharan Africa,SSA,2005,1.9,0.5118773254044071,0.21825028213737302,0.12305398131060959,0.3468375712593997,3.023330368667796,0.5581833747178314,766978666,392598988
Sub-Saharan Africa,SSA,2006,1.9,0.49745869277547766,0.20816677856573665,0.11558005638438802,0.3268110277896307,3.1723972989331752,0.5484197210089886,788110000,392052170
Sub-Saharan Africa,SSA,2007,1.9,0.4874124548787731,0.1994618498921724,0.10863177962833599,0.308461255867373,3.2114418632819444,0.541001786857758,810019264,394813478
Sub-Saharan Africa,SSA,2008,1.9,0.4741229384832836,0.18928750431585933,0.10114222844835323,0.28890928048273434,3.281858091790167,0.5305695249006706,832642735,394775020
Sub-Saharan Africa,SSA,2009,1.9,0.46980249323176404,0.18676013453753076,0.09967685453705971,0.2850260952460619,3.294180482842366,0.5287543247309977,855885698,402097235
Sub-Saharan Africa,SSA,2010,1.9,0.4533270661947887,0.17589278825824842,0.09216698038723888,0.26511993838771203,3.399511916337816,0.5177534059428953,879797419,398835983
Sub-Saharan Africa,SSA,2011,1.9,0.4426476513058541,0.1692957666588215,0.08771919508834601,0.2533518170492281,3.442011106804416,0.5106268622790037,904282154,400278372
Sub-Saharan Africa,SSA,2012,1.9,0.43183346518497656,0.1629398832603892,0.08368293811778803,0.24257707404156012,3.4898504107382347,0.504425968283301,929328653,401315213
Sub-Saharan Africa,SSA,2013,1.9,0.4232820915744695,0.15867906626067602,0.08121681273675554,0.23591993226919994,3.524007052510658,0.4992349080666854,955096702,404275330
Sub-Saharan Africa,SSA,2014,1.9,0.4153825091342235,0.15543039590949723,0.07958966535760574,0.2313226685492121,3.5565235914457483,0.4945463487793642,981506608,407700678
Sub-Saharan Africa,SSA,2015,1.9,0.41540880038149386,0.1561631585017507,0.08018048043981527,0.2328498712150155,3.555163517927497,0.49460277923949436,1008698799,419022358
Sub-Saharan Africa,SSA,2016,1.9,0.4129568660788013,0.15653861850373813,0.08091432804229563,0.23430989159741314,3.5635614479861157,0.4945683487174156,1036155989,427887730
Sub-Saharan Africa,SSA,2017,1.9,0.4078386255684453,0.15582797324242198,0.08107552207387989,0.23414873599286753,3.5907547656287053,0.4934963733820788,1063885274,433893508
Sub-Saharan Africa,SSA,2018,1.9,0.4013477182926194,0.15430621186162274,0.08064576906010153,0.23251048336720734,3.6275489094751427,0.49154955320962773,1092403973,438433842
Sub-Saharan Africa,SSA,2019,1.9,0.3985317275441583,0.15417150945676722,0.08102768127113628,0.2331720239079874,3.6354019446793493,0.4909394271800519,1121549049,446972880
World,WLD,1981,1.9,0.4281500112943479,0.18023107261966384,0.09621267626275998,0.2718541809741575,9.54417452288256,0.5086078642252216,4522380426,1936257230
World,WLD,1982,1.9,0.4214885200630397,0.1716019730061342,0.0895092284975678,0.25625742037650606,9.603551314648294,0.5017480598346713,4604208435,1940620999
World,WLD,1983,1.9,0.41274199805724304,0.1616018883706544,0.08213212387219913,0.23741176692720964,9.642403570357786,0.49212514759105974,4686429768,1934286386
World,WLD,1984,1.9,0.39601824580911416,0.146411544121659,0.07172270080572052,0.21154891641443774,9.814164273652427,0.4753220491285562,4768244803,1888311942
World,WLD,1985,1.9,0.38110158124866317,0.13758175533834752,0.06665452286882417,0.1979802918894723,9.92396326457624,0.460636468158219,4851733304,1849003234
World,WLD,1986,1.9,0.36714366932146647,0.13090402083370206,0.06319625158371338,0.18810337519582973,10.242895412275905,0.4499559155702661,4937717904,1812851869
World,WLD,1987,1.9,0.35752885658903955,0.12599302631933385,0.06064432662148016,0.18074186638333234,10.378070052156593,0.43911072345104596,5026058896,1796961090
World,WLD,1988,1.9,0.33918753037393984,0.11671712222011398,0.055588419682726924,0.1665165669106124,10.55036332465372,0.42240304733707057,5115220148,1735018889
World,WLD,1989,1.9,0.3679658715460578,0.13080384783962373,0.06271289501363209,0.18640467998521393,10.652149579453022,0.450667760110153,5204483947,1915072472
World,WLD,1990,1.9,0.3637075219397379,0.12832302478757163,0.061331652897694225,0.1832876113539192,10.553487842778853,0.446693253854897,5293395467,1925247748
World,WLD,1991,1.9,0.3579912351638545,0.12603058767865552,0.06045019328365009,0.18019680017245576,10.485880659342826,0.4415041378656981,5382536929,1926901044
World,WLD,1992,1.9,0.34765868991871485,0.12165189310382672,0.058449797834331144,0.17357626178082233,10.429722365763407,0.4335116295707614,5470164577,1901750250
World,WLD,1993,1.9,0.34026255666265803,0.1185415175674035,0.05698008754568887,0.1688800701218592,10.413569890454589,0.428202287414485,5556623321,1890710858
World,WLD,1994,1.9,0.3265975775195865,0.11004986214096163,0.052201854632846725,0.15741986857653065,10.5624445999006,0.41902391366588915,5642046034,1842678567
World,WLD,1995,1.9,0.3099781852971947,0.10323426043267488,0.04876847982079705,0.1465875903248605,10.766063742645299,0.4100039496316418,5726736488,1775163384
World,WLD,1996,1.9,0.2949079318538242,0.09734952054815604,0.04590801768359425,0.13780910139317123,10.872168708183377,0.4027227631463451,5811580202,1713881098
World,WLD,1997,1.9,0.29290274804023303,0.09718058752497306,0.045947330180361456,0.13760844323150548,11.01512273958215,0.400091412034634,5896055962,1726970994
World,WLD,1998,1.9,0.29697121824924744,0.09949113658233416,0.04714950739641762,0.1406673746409751,11.154997312138823,0.40356849547920615,5979726559,1775806681
World,WLD,1999,1.9,0.28735076090933365,0.0948675173244246,0.04483161585719959,0.13448034002086712,11.22192486738963,0.39729791184249724,6062288850,1742003314
World,WLD,2000,1.9,0.27790669431909665,0.09144694815497054,0.04326500300305606,0.1298774458008868,11.503893736360636,0.39196714576489405,6144321462,1707548066
World,WLD,2001,1.9,0.26915238483395865,0.08774350927099892,0.04121268880768579,0.1252107536298589,11.624812378223822,0.386958253106147,6226348086,1675836436
World,WLD,2002,1.9,0.25671210345493684,0.08285048895580774,0.038483821437429865,0.11783767191052127,11.798291561961225,0.3807156342552204,6308140970,1619376137
World,WLD,2003,1.9,0.24228673335892342,0.0766190503733617,0.03523323963132017,0.10932155914418794,12.002024260854636,0.3731786336616857,6389462496,1548081996
World,WLD,2004,1.9,0.22395576220401758,0.06924225318837887,0.03147795900589246,0.09736728394431922,12.284978408438684,0.3623649045344655,6470924346,1449200794
World,WLD,2005,1.9,0.20785744474698176,0.06319123081040066,0.028724317572024004,0.08966854639844517,12.60993906742634,0.3534416182853073,6552700448,1362027571
World,WLD,2006,1.9,0.19922403732279895,0.05994471225707631,0.026994597053870244,0.08344610672456532,12.958481361303882,0.34845858768723625,6635110367,1321873475
World,WLD,2007,1.9,0.18782951612593715,0.05577124350283406,0.024860782642187485,0.07693863423330538,13.39165782887312,0.3421256943981485,6717567584,1261757469
World,WLD,2008,1.9,0.18099908651186364,0.05324116010205111,0.0235096914069566,0.07298513671563513,13.528468887944754,0.33762764105150034,6801440971,1231054603
World,WLD,2009,1.9,0.17182328738269018,0.05028685321550463,0.022252162086230234,0.06977418305228553,13.649240484354634,0.3317425728435346,6885663352,1183117313
World,WLD,2010,1.9,0.1546965595748425,0.04461959460204153,0.019672741695542617,0.06096331386113657,13.864790349544727,0.32181336251670084,6969985525,1078232781
World,WLD,2011,1.9,0.13751470879010488,0.03963304805634762,0.01765433868448247,0.054316204310917014,14.069189477495746,0.3114345712492292,7054044372,970034858
World,WLD,2012,1.9,0.1291997933681668,0.037013670718841984,0.016488783223163623,0.05069451900610187,14.257787121608617,0.3069732837004969,7141386257,922665629
World,WLD,2013,1.9,0.11638931500186363,0.03386943716518722,0.015384593759254347,0.046732855169145396,14.512820322369244,0.2963468309517266,7229303088,841413634
World,WLD,2014,1.9,0.11214370160897377,0.0330561165578372,0.015211335384904937,0.04595850180694948,14.708870961404951,0.29204423848752264,7317040295,820559984
World,WLD,2015,1.9,0.10863417046719388,0.032521205875976525,0.01509527717853962,0.045495250665982166,15.004012226902738,0.2871769829629388,7403850164,804311121
World,WLD,2016,1.9,0.10664125527973532,0.03252989642168792,0.015309123454565808,0.04575967101422314,15.34636319646252,0.28582316940528285,7490415449,798787306
World,WLD,2017,1.9,0.09874676966263589,0.030952390232090957,0.01494557581078626,0.04432325516313822,15.651717632004157,0.2815764800866624,7576441961,748149169
World,WLD,2018,1.9,0.09165074132392473,0.029648638906359024,0.014542635595682371,0.04267089676048903,16.117273453047268,0.27436106725452214,7660371127,702078693
World,WLD,2019,1.9,0.09246597529460408,0.03033435638845381,0.01487166512076523,0.04449973124133502,16.540469007114726,0.2737303073257748,7741774583,715850737
World,WLD,2020,1.9,0.10112422428083338,0.0332723681254338,0.01627826666852781,0.048730207892824735,16.270961473020567,0.2738623046852008,7820205606,790812226
World,WLD,2021,1.9,0.09869720229475316,0.03252925749853717,0.015918401183812905,0.04921468199309547,16.602902463309082,0.2704365972915386,7888305693,778553703
World,WLD,2022,1.9,0.09347879774610969,0.031036476564838142,0.015283318458797797,0.046996320361141555,17.04520281561179,0.2662792981203073,7950946801,743244948
